ensembl_id	lfc_a	p_a	lfc_b	p_b	concordant
ENSG00000138131	3.11083528993706	3.19684897998317e-37	2.75845157195774	1.07711136415924e-34	True
ENSG00000119681	2.6501225732933	1.53463788394725e-25	2.06862292368441	2.7948068571892898e-11	True
ENSG00000137673	3.52396384374726	1.25754857077714e-22	3.31365955093678	3.3650381706218297e-26	True
ENSG00000163075	2.60542812339935	1.01499833606076e-20	0.990307163983855	1.1823730664663e-07	True
ENSG00000217801	3.12060131547723	2.4189031711478e-20	0.0221629415236489	0.89714475255949	True
ENSG00000187144	3.85621599266678	7.772290607807981e-20	0.245517533316343	0.17151660121605	True
ENSG00000134258	3.13960220428788	3.7130892390951104e-19	2.1883392932477	3.68043553537112e-11	True
ENSG00000162909	1.06784417766394	3.7329330069322997e-19	1.11536146642628	3.76886302794721e-12	True
ENSG00000148180	1.98756397520296	6.659281569568021e-19	2.18544886681325	3.09594851162327e-22	True
ENSG00000079931	3.1071482598876	9.03519504970473e-19	2.95515636555797	3.8474357850677e-13	True
ENSG00000186340	1.91084758576024	2.66726687118441e-18	2.86632054989493	2.93816729779661e-21	True
ENSG00000159212	3.06024296022278	3.6583377605088896e-18	1.42142148119568	3.67223359768525e-13	True
ENSG00000102287	2.41689199365347	6.5540597010998395e-18	0.500214966180376	0.0086124338076018	True
ENSG00000154096	2.5804908903351	1.1876140038993601e-17	2.87505282312782	1.7892006253614602e-19	True
ENSG00000164692	1.47784150426595	1.50862409047343e-17	1.4262503523356	6.137970476041511e-09	True
ENSG00000198542	2.68473433017204	2.6242117220919402e-17	2.18470180784085	6.217570940401619e-11	True
ENSG00000125398	2.17127368792583	2.65264472007534e-17	2.29727541295106	5.25766149287055e-24	True
ENSG00000135480	2.72536856539873	3.15887816858572e-17	2.96669302858565	4.17891041656789e-17	True
ENSG00000138744	-0.859132672378973	6.96248081555881e-17	-0.0339086836604456	0.795358389343196	True
ENSG00000084636	2.34700196174628	9.534312110584561e-17	1.46804388011058	8.74454405462974e-05	True
ENSG00000100767	2.23701885098302	2.92750204408253e-16	0.707463779086139	9.86937389272907e-05	True
ENSG00000050555	2.65907608955028	4.20658689721851e-16	2.76901817981195	1.69402677036796e-16	True
ENSG00000146038	2.27188512048161	5.10759817390009e-16	2.48962615104304	7.464064181010519e-18	True
ENSG00000166145	2.36027115706248	6.60674082288783e-16	2.76550970519585	3.0195174512453304e-15	True
ENSG00000182718	1.24166004235855	7.70245335613122e-16	2.15188518309728	1.8098060925893799e-29	True
ENSG00000240583	2.09423233297634	8.86142431012933e-16	2.09030627484249	1.6908541556958599e-16	True
ENSG00000103064	1.39562751729659	1.29713289132041e-15	0.77120114633302	1.80543060683776e-05	True
ENSG00000121570	-2.12376790281598	1.2989510106294701e-15	0.128962349619741	0.536489686479666	False
ENSG00000130300	1.88005398079857	1.34311444599019e-15	3.62819483463667	2.3903732817146497e-13	True
ENSG00000124875	2.80517030212793	1.63268503049502e-15	4.28997164382118	1.4605956400720899e-33	True
ENSG00000234899	2.05643818299549	1.8449874308143e-15	-0.365581310094748	0.0406631695510641	False
ENSG00000176170	2.36809253874725	1.9476468149555203e-15	0.724501637498376	0.0099462806352607	True
ENSG00000078098	3.05640922228243	2.31177798461708e-15	2.70260493952314	1.23146224533127e-13	True
ENSG00000163531	1.7502869689887	3.1385908276697e-15	1.17713364034856	8.3404902613146e-06	True
ENSG00000164318	-1.56769023445902	3.933950601343271e-15	-0.841647102928294	3.9778160393646e-06	True
ENSG00000137819	1.99990336909269	5.002108214262521e-15	1.24894161836009	1.2495020290383101e-09	True
ENSG00000162366	3.06584316510942	6.10105360460173e-15	3.40982887519915	5.71932884081447e-14	True
ENSG00000164199	-1.13267455407185	6.985270825864441e-15	-0.851673587863233	4.51826099776831e-06	True
ENSG00000010319	2.64779231756111	8.558311559317462e-15	1.84377748473056	4.09780515493104e-08	True
ENSG00000119280	1.18880855290616	9.36085593623818e-15	2.37521415844347	3.31149671895985e-22	True
ENSG00000101384	1.58792807956738	9.75015874535928e-15	1.24951074312002	1.03522921343888e-08	True
ENSG00000163393	2.48207366868072	1.00165115048298e-14	2.7150679934646	5.02579751037772e-17	True
ENSG00000104435	4.8073513444516	1.1710017880179999e-14	4.77482641539259	7.81358434156168e-21	True
ENSG00000080293	3.72222312950676	1.98624533771375e-14	0.145949640655798	0.46055822167559	True
ENSG00000140416	0.813684249528278	2.17594398727032e-14	1.29494833255304	7.228810868309361e-15	True
ENSG00000006327	2.05716942408354	2.46515123427342e-14	4.7556965252907	1.55394364890057e-24	True
ENSG00000001626	2.29385001892364	3.43529876378982e-14	-0.0782859038914727	0.603981876871623	False
ENSG00000184916	2.20812708767392	3.66460274877601e-14	1.09832163575209	0.0026247584767857	True
ENSG00000196569	1.48996768967062	3.72135566423649e-14	1.39406678204639	7.44845096269124e-08	True
ENSG00000128567	1.65298413889462	4.40270046112799e-14	1.07394710151019	2.17949464235601e-07	True
ENSG00000197461	1.90387517064785	5.0129125976209e-14	2.48014033215306	1.2942735459517e-17	True
ENSG00000130635	1.45153761001279	5.93589112779709e-14	1.32455890633195	1.97864594694053e-07	True
ENSG00000106624	2.12377532987642	6.06627622391979e-14	2.04634841755216	1.66717444432029e-08	True
ENSG00000134769	2.74778246568459	6.60990480706982e-14	1.98311509551123	1.45539978556747e-17	True
ENSG00000080709	-1.19101541582125	7.59216973182631e-14	-1.12739134583257	3.98509254595708e-07	True
ENSG00000050165	1.60468082094231	8.288769863209391e-14	1.69191773254819	1.09227093858525e-10	True
ENSG00000149970	-2.17851085059518	9.14547101121054e-14	-0.792632991425475	0.0004981467619652	True
ENSG00000113361	2.5419410445179	9.80108025345925e-14	1.86558142410598	2.41398691646346e-12	True
ENSG00000110799	2.11184378233158	1.25753630839561e-13	3.26226841842047	1.33387880159332e-23	True
ENSG00000067798	1.8288054144433	1.89780657629367e-13	-0.499014627164008	0.0002031611930764	False
ENSG00000102359	0.987950296420098	1.97618363606143e-13	1.2916704620422	2.79125558185892e-13	True
ENSG00000131080	2.76840810194385	2.21455106648626e-13	2.49587514362083	1.92340625800531e-13	True
ENSG00000070404	1.55246605720958	3.08907602475836e-13	2.00479906025384	1.11620601385392e-13	True
ENSG00000140092	1.51584743569844	3.14493952812064e-13	1.75238144660729	3.4098174170097e-13	True
ENSG00000167191	1.4790724209154	3.50987526507314e-13	1.19021475647342	7.38168540518248e-09	True
ENSG00000174059	1.7030933409096	5.03800846255897e-13	1.37124599127164	1.01768138026809e-08	True
ENSG00000172965	1.74843520801561	5.18092741561881e-13	2.30230454860524	1.1757041289231e-28	True
ENSG00000067445	1.52972417013186	5.26758066369421e-13	-0.44787441308817	0.0004136363017206	False
ENSG00000141934	2.12635904385689	6.80609148051395e-13	1.83073864907297	8.26593210727339e-09	True
ENSG00000163520	1.60242413987173	9.22887488624799e-13	1.93791865338625	6.48422886236393e-08	True
ENSG00000100362	-1.82851516773609	1.03747689123712e-12	-0.216328851200935	0.378367004844092	True
ENSG00000076662	-1.08666295218113	1.3717168020746898e-12	0.176182252155893	0.33145442209226	False
ENSG00000124225	1.59754695963786	1.5963340723727098e-12	1.43018700882274	1.27592693623959e-05	True
ENSG00000187634	1.74520889378155	1.80884471835289e-12	2.29649264732828	2.30066267724085e-07	True
ENSG00000150594	2.3987366059832	2.1950819860288798e-12	2.31477872479173	2.9531376541864e-11	True
ENSG00000168542	1.04028470007679	2.7925175808990698e-12	0.965325196908666	0.0001155457312554	True
ENSG00000087076	-1.90059534596883	3.04606516729899e-12	-0.850368256383132	0.0011941023758727	True
ENSG00000135063	2.57716160335124	3.5370442750408397e-12	0.775713274468453	0.0026216609175706	True
ENSG00000129038	2.39972910170253	4.00473287769553e-12	1.90398919643411	7.82241839168934e-07	True
ENSG00000164402	0.522146963590096	4.0726931322074095e-12	0.989330626972809	9.29845985975536e-13	True
ENSG00000100968	1.82453997234972	4.64037775257239e-12	1.02817882234032	0.0005132680965409	True
ENSG00000126878	1.75255068774407	4.71082882238792e-12	0.602146872904845	0.0141239969206573	True
ENSG00000174640	1.93112726098977	5.111419856066419e-12	2.01082371347679	1.95799406605054e-09	True
ENSG00000145506	2.26236510926798	5.15719353833682e-12	2.47482493412665	5.08415487526471e-07	True
ENSG00000182541	0.683974989348953	5.5690564838208696e-12	0.90272976966101	3.6259486236068805e-09	True
ENSG00000019102	2.06604022211038	6.06199297011813e-12	2.46098578371472	2.5360971222353302e-17	True
ENSG00000269751	1.63957234604746	6.3551778649092394e-12	1.5842453795495	1.47827679041442e-05	True
ENSG00000142303	1.68159043904126	8.47624165301016e-12	0.742949301337645	0.0004914204151944	True
ENSG00000169031	2.3287254872996	8.49597191874958e-12	1.3788962558244	1.57124996587996e-07	True
ENSG00000108821	1.76440026844167	1.01231646740638e-11	2.16166430662719	2.00220316499129e-08	True
ENSG00000159713	1.85988320004241	1.50922949275154e-11	1.71821706239694	3.27643302368979e-07	True
ENSG00000014914	1.39107455960054	1.60995351202629e-11	1.15158829269929	3.89835162493685e-07	True
ENSG00000154654	-2.24257878307341	1.70898151907259e-11	-1.78832889549269	9.04153586780164e-10	True
ENSG00000107317	2.24739485186768	2.00219667456234e-11	0.998222081094941	0.0081604307377037	True
ENSG00000154065	1.25070993175351	2.2010074545689296e-11	0.979614747213433	5.84516958429027e-07	True
ENSG00000162458	1.35217871508657	2.2432192957685598e-11	1.43555844142236	1.19117993632771e-08	True
ENSG00000023171	1.60074330877028	2.2553597010153e-11	0.87299436734396	0.0001656555934304	True
ENSG00000122870	1.78386252827311	2.34612347056863e-11	1.79035100755653	1.51183876978415e-14	True
ENSG00000175832	2.11259492888859	2.4239966764392697e-11	-0.276851444858789	0.126901948505844	False
ENSG00000071282	1.35499005666034	2.7997940409706496e-11	1.96875714666786	4.05222952318437e-14	True
ENSG00000112394	-1.05727736250886	2.8769387785510797e-11	-0.831223659156264	1.40780424455947e-06	True
ENSG00000204291	2.68063716337854	3.63906465302437e-11	0.833883687122049	0.0001534313662683	True
ENSG00000233695	1.96578194043054	3.92804014950681e-11	0.675395743921133	0.0214591876455766	True
ENSG00000087245	1.47151233677129	4.17966089671354e-11	1.87464091163903	1.61617896728642e-11	True
ENSG00000065154	-1.53393688475329	5.2551774234794194e-11	-0.133043644355505	0.521605899620251	True
ENSG00000165359	1.09867551603601	5.3832215200914095e-11	1.07012197804109	4.36102886639462e-08	True
ENSG00000112655	1.570007243025	5.885220740012949e-11	-0.300216242313731	0.014479498184735	False
ENSG00000077274	2.32277559445013	6.490062903837819e-11	1.77905016524899	8.33206683984123e-08	True
ENSG00000188549	1.35311343083556	7.03244334336976e-11	1.11688987506918	1.11583098840823e-05	True
ENSG00000198074	3.81814264313225	7.067913027190189e-11	2.44585993306449	0.00024096028437	True
ENSG00000165124	1.11611295416988	8.491674032351979e-11	1.23280220756731	4.20533930257327e-10	True
ENSG00000087116	0.875190338319395	9.463853582548119e-11	1.06836677464477	2.89130357134121e-06	True
ENSG00000143196	1.9078448253513	9.730873393794069e-11	1.33528845504704	1.17540387076184e-05	True
ENSG00000197457	1.29354743679165	1.0489914374560901e-10	0.777176830167629	0.0014856802596851	True
ENSG00000137731	2.00261027261776	1.10419032580378e-10	2.08136686465714	2.51168779956611e-10	True
ENSG00000168502	1.13453803984962	1.19134290374838e-10	0.751143777150438	1.35638195975699e-05	True
ENSG00000206052	-1.84820804145122	1.26139706520987e-10	-0.673276251314112	0.0025893499097266	True
ENSG00000131711	1.55764815349888	1.50737511624421e-10	2.04734054607001	6.97647283923397e-13	True
ENSG00000104938	-1.43349811234898	1.6939385610672501e-10	-0.309605667069345	0.204616286785509	True
ENSG00000101680	2.30867381361895	1.79219248613965e-10	0.184067216972205	0.311764191805066	True
ENSG00000152104	1.21181624571012	1.8967361271569201e-10	1.0482866947992	1.93051153369616e-12	True
ENSG00000115380	2.40247782536138	2.14786492191558e-10	2.98511128993249	7.47653626590935e-16	True
ENSG00000132698	2.23831216562272	2.19511331837868e-10	2.57851934214595	1.2711759192905199e-11	True
ENSG00000104365	0.433859923197908	2.42943112042126e-10	0.208053475291503	0.126471993983287	True
ENSG00000161647	1.35031997086027	2.66301514591574e-10	0.514599623997017	0.0497736063057102	True
ENSG00000151067	2.31108568313383	2.67057418535883e-10	0.752840630869565	0.0008882947456786	True
ENSG00000230628	1.17430053608609	2.70717019761727e-10	0.359320932781746	0.115103282165767	True
ENSG00000114770	0.790886873560354	2.70724818683383e-10	0.240846253946746	0.0256441476211871	True
ENSG00000205336	1.47824639133504	3.0130734389284003e-10	0.845107305680532	1.68808238580911e-06	True
ENSG00000101443	2.28947357939824	3.1988188991669803e-10	2.74997736907346	1.58128483383664e-08	True
ENSG00000102452	2.02655897396094	3.68525182095281e-10	0.975788254221297	2.12247173174163e-09	True
ENSG00000128342	1.82727173296603	3.71958232108705e-10	4.72494867579935	2.9491596384671597e-30	True
ENSG00000138617	-0.418586839255018	3.74213644988364e-10	-0.0892256096263535	0.377746665560694	True
ENSG00000099994	1.55393435756308	3.78035132043734e-10	3.0456637584149	1.4083483437384e-18	True
ENSG00000183856	1.78191065595082	4.0664537260012003e-10	2.89170821150302	9.59430581737777e-14	True
ENSG00000082014	1.50082510398539	4.15359497343132e-10	0.643160829410625	0.0008387517412685	True
ENSG00000067057	1.34009697425949	4.34232939700648e-10	1.71080626512603	5.7735771009110393e-11	True
ENSG00000143387	1.02540856018287	4.41180371543492e-10	0.805776965489452	7.47867721807087e-07	True
ENSG00000124766	1.51063062278374	4.47826555589443e-10	2.16659082561872	3.49085069233384e-29	True
ENSG00000013297	1.43319131058265	4.49701496071688e-10	1.2755861986246	4.33316529138183e-27	True
ENSG00000145284	1.369052137847	5.65547616977368e-10	-0.873105820354105	1.0737873366914101e-09	False
ENSG00000067715	-1.26272080693783	5.81586074900237e-10	-0.322003223955383	0.0643269367315941	True
ENSG00000253368	1.32336792720126	6.160045332876281e-10	2.37683659112427	6.296965136030409e-18	True
ENSG00000074047	1.80497874804556	6.334534813098541e-10	1.34542322910183	0.0001769092769301	True
ENSG00000114999	0.452429512822096	6.69764265062764e-10	0.356094969884945	1.17459708177331e-05	True
ENSG00000088992	1.70312591829408	7.33266715796803e-10	2.37826162063797	3.5852689368988896e-12	True
ENSG00000058085	2.31519483115518	7.36859797827204e-10	1.56357390217339	4.79339386988877e-05	True
ENSG00000167535	1.37214596630213	7.61266719881226e-10	-0.026490907717551	0.851237905341551	False
ENSG00000131730	1.84601750756079	7.76445269310279e-10	-0.883761968505241	5.210270842360761e-09	False
ENSG00000184292	2.07818367617789	7.92519077977077e-10	2.62459219478865	4.5531611776622394e-12	True
ENSG00000142675	2.14925940670948	8.10414664631308e-10	1.24969051821483	3.56756696570573e-05	True
ENSG00000137077	1.85652199254243	8.19717319030581e-10	2.31746210371835	5.16132345795761e-13	True
ENSG00000174348	1.56332326785192	8.50910104764178e-10	1.53729654131799	1.80335450212685e-11	True
ENSG00000005884	1.67191475350703	8.946786143080801e-10	1.02537754892445	0.0002816194442889	True
ENSG00000182240	1.09655394998556	1.06750211419818e-09	2.4042229574924	4.1433480209573e-14	True
ENSG00000138623	1.43855316782005	1.23678386726506e-09	1.68290631692131	4.40244319823276e-07	True
ENSG00000176293	1.30147578044433	1.2798084122604502e-09	0.20770736142581	0.127677257714045	True
ENSG00000149418	1.26381465517754	1.29896403299297e-09	2.2542601761555	1.14022467305702e-16	True
ENSG00000139329	1.68652417894794	1.3153777133692e-09	2.57124766608911	4.68037392733124e-17	True
ENSG00000109610	2.19848468173784	1.4383036430681e-09	3.21135475978866	1.73803173127194e-07	True
ENSG00000165841	-2.50125774229731	1.4878368638836202e-09	-1.7965749175581	3.07529533382701e-10	True
ENSG00000160339	-1.25989021841589	1.50073501656541e-09	0.0657259910873404	0.786717090095093	False
ENSG00000128262	2.16470918113308	1.7294875486026602e-09	0.733416946236227	0.0050140294118037	True
ENSG00000101444	-0.575764131206378	1.7552390995935e-09	0.102763446848545	0.461076074857722	False
ENSG00000182836	1.77447624314134	1.77119827757512e-09	1.60902802034071	1.80045494106219e-13	True
ENSG00000179913	2.37631569632293	2.0727996642393803e-09	3.16192766150437	2.01697605910252e-13	True
ENSG00000166482	1.3624476003406	2.1579983193967204e-09	1.7549457165739	5.7124547469327894e-11	True
ENSG00000104368	1.36078754828984	2.1971044368237e-09	1.21195351553099	2.89976281817504e-07	True
ENSG00000007384	0.984753804520192	2.23481871264766e-09	1.14192062325956	1.08052106086232e-05	True
ENSG00000113758	1.14021317002472	2.43632126383784e-09	1.36246007052657	1.78465057089746e-05	True
ENSG00000119888	2.12074095421338	2.45648443394084e-09	2.71708978803261	1.2725930334340402e-15	True
ENSG00000164659	1.21607434021078	2.6668185195541403e-09	1.58429233004899	5.530085246284801e-10	True
ENSG00000145632	0.578066626608824	2.71470605907047e-09	1.56406011576547	3.55153196240593e-18	True
ENSG00000019144	1.08191676746592	3.43386405448433e-09	0.47450483473388	0.0081878704618019	True
ENSG00000125966	1.49264763643852	3.5190824040178505e-09	0.197468122310348	0.316318109799095	True
ENSG00000003249	1.48813036095123	3.5378712642146e-09	1.88983175436098	4.7994108090002e-12	True
ENSG00000120057	1.7795789830452	3.5508687386230403e-09	1.79544500640371	9.03733536878015e-09	True
ENSG00000139625	1.09072022604826	3.5886565522826604e-09	-0.537565626013727	0.0338988496291119	False
ENSG00000189143	1.65866086278291	3.60946782196945e-09	1.06218908793664	1.2380554314837e-06	True
ENSG00000166900	0.536873500538018	3.947718352824251e-09	1.01514578948389	9.85789732007728e-13	True
ENSG00000108654	0.582997308908894	4.09949225984039e-09	0.814174615945933	1.4681628245234998e-12	True
ENSG00000154760	1.30541670746989	5.1647894352612406e-09	1.09996594091518	1.46797104046333e-08	True
ENSG00000124440	2.31048766513568	5.492318750562231e-09	0.283825436894831	0.177929704235264	True
ENSG00000115221	2.00926794011003	5.51353457190422e-09	0.287487949152123	0.221582744552754	True
ENSG00000113657	1.22370987237034	5.71096665084741e-09	1.95361180628867	5.65946812422592e-14	True
ENSG00000178498	1.07765201553804	5.8842322265927304e-09	0.822696278654296	0.0001952719368253	True
ENSG00000196562	0.935285877615216	6.537154334292291e-09	0.763091727155653	3.21079064580358e-05	True
ENSG00000183853	0.906568615826154	6.559639694227071e-09	1.21924750987312	9.037249457945969e-11	True
ENSG00000223764	1.58852155815217	6.6998449849853805e-09	0.582667119539578	0.0301134834307208	True
ENSG00000108797	1.22795575996673	6.826009937706591e-09	-0.145746193298441	0.339351208525978	False
ENSG00000153558	1.59907907394571	7.105642430685831e-09	-0.285062503010855	0.0223561395890211	False
ENSG00000159164	1.33473643573514	7.3240592610757604e-09	0.466757897172754	0.0074718516309097	True
ENSG00000129566	0.526883785827713	7.57837284403241e-09	0.447310809966198	6.01758102098461e-05	True
ENSG00000128482	1.76493919134146	8.03323375000225e-09	0.250119935156954	0.32156985282615	True
ENSG00000173894	1.11815707105085	8.38092026877975e-09	0.741777064152288	0.0077574616064014	True
ENSG00000182963	1.62024974945978	8.52363439718604e-09	0.090042058360403	0.574208164298964	True
ENSG00000134627	1.09798980730734	8.581103889271511e-09	1.04162085700475	5.82888847062358e-06	True
ENSG00000155265	1.67342007192488	8.83664136480028e-09	1.20857985788686	0.0003159613944802	True
ENSG00000135447	-1.02885466187463	8.936238195598651e-09	-0.714702143966608	0.0008785250317996	True
ENSG00000173715	0.933423079692885	1.03164071101115e-08	0.361082435006272	0.0138076849331759	True
ENSG00000143164	-0.373853368758118	1.0429110556806e-08	-0.398357238367906	0.0001528283379099	True
ENSG00000083857	1.30813568449325	1.06750542437516e-08	1.5765296788295	1.33936005445557e-16	True
ENSG00000163710	-1.01061182841275	1.09444124117263e-08	-0.537361379039537	0.0184618608024057	True
ENSG00000133067	1.69480953294177	1.10731097927328e-08	0.616933439734784	0.0162550648322624	True
ENSG00000129354	2.00657592649195	1.21270253378379e-08	1.7816413027655	5.39181212726605e-10	True
ENSG00000021300	1.54576132243485	1.28269105869872e-08	1.58169462976155	1.11934833384357e-08	True
ENSG00000240771	1.2025830863642	1.2826949507504e-08	0.621153485979706	0.0206895198940259	True
ENSG00000065357	0.96698152271801	1.32508678513613e-08	0.720014289032866	5.57498673439539e-06	True
ENSG00000082458	0.885173853237733	1.32826697515334e-08	0.944221861423811	1.1936442878166e-06	True
ENSG00000099139	1.10660641863451	1.46733349117391e-08	-3.47226656806306	2.48793845652496e-07	False
ENSG00000117152	1.96483718018725	1.48026218939225e-08	3.22911617701484	2.17661669575333e-24	True
ENSG00000206190	1.25890317320796	1.50014752938566e-08	0.549602115890613	0.0373333881702495	True
ENSG00000161249	1.42051500643751	1.57752065168946e-08	1.2941403269113	5.13524401296361e-07	True
ENSG00000203805	1.44209460275368	1.59603926445057e-08	1.0728313380643	0.0001800667898043	True
ENSG00000143061	1.47974100219469	1.68764456575428e-08	1.79577337684692	0.0001578116069363	True
ENSG00000171509	-1.34671754925629	1.7002170737872e-08	-0.211420849735293	0.239946514193283	True
ENSG00000164078	1.53327379972957	1.71659858794667e-08	0.516260463813834	0.069703627503896	True
ENSG00000198920	0.48056688243383	1.7281831764275e-08	-0.0535045913839427	0.630456266396511	False
ENSG00000038427	1.57001423762254	1.75468832368333e-08	2.91274653750017	2.66116284022707e-35	True
ENSG00000145882	1.0097178401868	1.77940426683775e-08	1.12503328656511	2.01257800021195e-08	True
ENSG00000064205	2.112814363426	1.81324067134586e-08	1.60172155138136	2.35489359859096e-12	True
ENSG00000196553	-1.59587659766808	1.97180051389861e-08	-0.740139171623363	0.0006894249519978	True
ENSG00000100170	1.62453730857604	1.97782120126515e-08	1.03409917909115	0.0001255540925485	True
ENSG00000226798	-2.94417249159667	1.99346839476555e-08	-1.21076808834396	3.6126843256466502e-09	True
ENSG00000134873	1.70209202891362	2.03702757614784e-08	1.2488657869702	2.16381383384192e-06	True
ENSG00000161791	0.754499045972868	2.04434358851455e-08	0.744910603367064	8.92124067340331e-07	True
ENSG00000174938	2.07681897763077	2.06363255286895e-08	3.13655977970503	1.7420381655834297e-11	True
ENSG00000144560	0.379062610021405	2.12524483374288e-08	-0.0034447432584994	0.98004598841491	False
ENSG00000091986	1.61714351646429	2.18074897060286e-08	1.63591419211529	2.95511586704035e-07	True
ENSG00000183844	2.0893041524526	2.33716185283301e-08	1.58417036743539	3.92778962997576e-09	True
ENSG00000112936	1.4552011294104	2.35855342312535e-08	1.72152704308349	5.03980767275306e-09	True
ENSG00000081052	1.19779495250298	2.5799355553503e-08	1.42989260415217	8.25336123144394e-10	True
ENSG00000130821	1.27266403088531	2.62566771252111e-08	1.62594963296877	8.27922943504352e-05	True
ENSG00000072952	1.35171062529185	2.7659752687267e-08	0.928088212436752	0.0011751764350353	True
ENSG00000184702	1.30774822280636	2.91171527625929e-08	1.2329313228807	5.2336747197065e-05	True
ENSG00000122861	1.19362297963252	2.91273602099508e-08	2.12738966541566	1.31156855333892e-08	True
ENSG00000135205	0.892972636343783	2.92291784068808e-08	0.575195994449434	5.81065528586683e-06	True
ENSG00000152137	1.147374238399	2.95016388205365e-08	2.68151178995893	4.0963822281124997e-19	True
ENSG00000162073	1.20133839607715	2.96568000236444e-08	2.32864608101611	3.58439010139937e-08	True
ENSG00000134871	1.08268820464218	3.23425786011421e-08	2.49057351252029	2.3353815946133003e-21	True
ENSG00000133134	1.32490862884535	3.30333746451775e-08	1.72956155135036	8.987402776848021e-09	True
ENSG00000140545	1.34767436273735	3.30378065816107e-08	0.728759681411313	0.006219067383289	True
ENSG00000167766	1.07576924730832	3.36933082092926e-08	0.597466252585271	4.82359928749158e-05	True
ENSG00000189292	1.78136652412209	3.38513319408225e-08	1.0766748943224	2.30043957558298e-06	True
ENSG00000137269	1.80526076748764	3.48809617302224e-08	1.6126412419883	7.5350151731887e-11	True
ENSG00000182566	-1.01373133834579	3.49834307560025e-08	-0.0280458132176811	0.907107080902804	True
ENSG00000135502	2.07573983899372	3.50495748771547e-08	0.0180509302024976	0.938938071349782	True
ENSG00000272761	1.98994722616473	3.50896802472692e-08	0.90169676020674	0.0001687838631411	True
ENSG00000173262	1.89232401212847	3.62874733104009e-08	-0.173998295705719	0.792214042646787	False
ENSG00000164171	2.06810539650757	3.68033827765445e-08	1.40935310268355	2.4566730156329303e-15	True
ENSG00000095713	1.69270175652565	3.76385835780934e-08	0.712422438623127	0.0304757260222752	True
ENSG00000084463	-0.324687653884816	3.90079686133609e-08	0.217523733578454	0.0458646200907624	False
ENSG00000105499	1.03316101962244	3.9354625323892e-08	-0.235742602785106	0.0383903040729423	False
ENSG00000167641	1.57588368059384	3.94757389237542e-08	1.10064679075804	0.0039069385552644	True
ENSG00000084453	-2.7910195058829	4.27318138225387e-08	-0.81567592839109	0.0004298190521175	True
ENSG00000128298	1.68646518734174	4.6914247935084e-08	1.92629315309659	3.79368154016614e-07	True
ENSG00000166592	2.07472999144664	4.77634002252755e-08	1.81381926564315	0.0001609733575201	True
ENSG00000119772	0.55069314216367	5.05431624872817e-08	0.242687263910461	0.112991904483619	True
ENSG00000053747	1.07020588849548	5.05879431744693e-08	0.487050114153897	0.0050928354126629	True
ENSG00000006118	1.50989533772689	5.1443677362156e-08	0.685048927895184	0.0011330601759309	True
ENSG00000196177	-0.857339139727931	5.25927707425663e-08	-0.455968025340765	0.0079210298469049	True
ENSG00000130827	1.22961951756868	5.46163864213658e-08	1.08659799479736	0.0015428390525726	True
ENSG00000007062	1.25311353871917	5.66097228010622e-08	1.1322265265789	9.4512291148692e-06	True
ENSG00000198075	1.20579190319769	5.88522162396292e-08	0.928326517078909	7.50115975515204e-07	True
ENSG00000186648	-1.12785558556332	5.93463948107742e-08	-1.71632937524632	6.73391473761213e-12	True
ENSG00000090924	1.00266513966895	6.60175841193769e-08	0.776242154082041	0.0018020880422588	True
ENSG00000124181	0.544759666016895	6.81847777074047e-08	0.554507536876509	3.70085290997628e-05	True
ENSG00000163121	1.2575315925668	6.8380408548427e-08	1.09934510874513	9.45298576034906e-05	True
ENSG00000105643	1.03521448812173	6.89023846915229e-08	1.62292748394783	9.03861558091192e-15	True
ENSG00000110002	0.531873875036248	6.90871253305048e-08	0.601934799290513	7.83758961628002e-07	True
ENSG00000102265	0.841277750056964	7.23528370130189e-08	3.27965034359828	1.93592131276666e-24	True
ENSG00000087237	-1.49239427055897	7.24996051442257e-08	0.673695640724468	0.0299960890628874	False
ENSG00000182195	1.21030828407734	7.60433873358823e-08	1.05354682902123	0.0001629070882227	True
ENSG00000158806	1.4052759777422	7.66378699652043e-08	0.672869792016268	0.0423760003198056	True
ENSG00000111275	-0.608245835244558	7.73866048465881e-08	-0.143103825390237	0.344424631660747	True
ENSG00000165125	1.97194801628185	7.98489399073482e-08	2.03380329498036	7.45223435240853e-06	True
ENSG00000138772	1.38044792867965	7.99689718416455e-08	1.5572960911645	9.8843155103367e-08	True
ENSG00000144857	1.90278409955027	8.13187189661411e-08	0.563709683768319	0.0377229634039514	True
ENSG00000165238	1.96976496061112	8.16323653589508e-08	0.788114611775949	0.0067468460264828	True
ENSG00000022567	1.17275534030102	8.33112547761279e-08	1.17016771430724	2.58628643048299e-08	True
ENSG00000112337	-0.420233025189785	8.48315734470579e-08	-0.388429553248125	0.0092333370366732	True
ENSG00000106236	1.62158922129713	8.70086058399484e-08	2.7428173975499	2.0686790501842201e-10	True
ENSG00000172724	2.15363408190691	8.76141570695327e-08	1.91572855876003	1.25791764960964e-07	True
ENSG00000183154	-0.689828513073135	8.79061288240369e-08	-0.164567952137918	0.150891841516166	True
ENSG00000132688	1.17849800443965	8.8378577218046e-08	1.25984755519829	1.20342649624328e-06	True
ENSG00000117525	1.40855076988835	9.10435566167479e-08	2.58758147877645	1.5925352977248201e-15	True
ENSG00000222041	1.38449727194836	9.56742355293033e-08	2.47049324364672	7.38705139274115e-32	True
ENSG00000136010	1.40707927761637	9.59669027844971e-08	-0.103909126851064	0.590166013195674	False
ENSG00000064547	1.29258688014604	9.60508658033533e-08	1.16145786395958	1.64178340366447e-05	True
ENSG00000123243	1.10350351031805	9.70085174854026e-08	0.618644438761264	0.0002374303009621	True
ENSG00000128591	2.57500541624335	1.01963846365178e-07	1.12696578005546	0.0015615813872544	True
ENSG00000163687	-0.961585986011841	1.0642228163277e-07	0.183123670483169	0.409961778787305	False
ENSG00000239521	0.958692594460555	1.08949564136899e-07	0.0107574342744743	0.939185061296846	True
ENSG00000121898	1.64582646108665	1.10744643456108e-07	0.892578963072794	0.0006509995224821	True
ENSG00000144290	-1.94744336396228	1.11333942726133e-07	-0.811800325266307	4.46030419096483e-05	True
ENSG00000092969	1.72255705056804	1.13351421794235e-07	1.45499769344293	9.40717652794093e-07	True
ENSG00000115009	2.47997603915295	1.13620850317254e-07	5.48911438150673	7.364323783068801e-21	True
ENSG00000165682	-1.05120830479189	1.13937011373387e-07	0.128231185365045	0.592545510423398	False
ENSG00000083307	1.57663667081768	1.19487970572592e-07	0.436375505941355	0.0350045713829717	True
ENSG00000076716	1.24651326372991	1.19897561713882e-07	1.78479588981017	2.76158561117376e-10	True
ENSG00000160870	1.14487632214232	1.2116038390953e-07	1.57055436444255	8.87377247993685e-08	True
ENSG00000167183	1.35650022298391	1.24928696860077e-07	0.598213730268221	0.0025932904568645	True
ENSG00000026652	0.818511440053013	1.25798291652736e-07	0.844434507983207	7.65635760878216e-08	True
ENSG00000184347	1.59193389773788	1.27548695073546e-07	0.273693326722864	0.22186246794659	True
ENSG00000237949	-0.8365120979656	1.30067478765327e-07	-0.242335687069608	0.251679717889129	True
ENSG00000162576	1.22562924912997	1.3132204453608e-07	0.951369701897989	0.0003227613136166	True
ENSG00000123836	0.467762185911942	1.32780596496416e-07	0.620131610080002	3.10783768095861e-05	True
ENSG00000135749	1.34809300334667	1.34315690795499e-07	0.815162728761002	1.62335675925339e-06	True
ENSG00000108370	1.30849096172695	1.34353096256567e-07	2.07679183650013	7.17495164444534e-18	True
ENSG00000197380	1.20195944034693	1.36090708188245e-07	-0.0833716297022429	0.477255101507508	False
ENSG00000255277	-0.639022027266841	1.40771426462655e-07	-1.07350494086385	3.11276419279107e-07	True
ENSG00000131037	1.93722717046901	1.41896472488729e-07	1.55155784237047	0.0001068581032243	True
ENSG00000064199	1.17066995015649	1.43219383606655e-07	1.61696362973715	3.88896515694008e-10	True
ENSG00000035499	1.61773627384707	1.45034718890067e-07	0.0260403519468759	0.892853152017201	True
ENSG00000151025	-2.32921310675241	1.49660367346427e-07	-1.49313856357342	1.01968438651043e-05	True
ENSG00000132639	1.61437839454246	1.49897133264553e-07	0.753032152501642	0.0010088639085964	True
ENSG00000126603	1.55074296092784	1.50455172174566e-07	1.22066267279128	5.32122220662973e-05	True
ENSG00000237907	-1.21166061793083	1.52343797431175e-07	-1.23521650999668	6.40336910388538e-07	True
ENSG00000006025	1.20699181511739	1.69386529402999e-07	0.588909913476764	0.017612786122299	True
ENSG00000164904	-0.380264870470538	1.69651361231604e-07	-0.485041706568673	0.0009207626370043	True
ENSG00000144649	-0.761769492915929	1.75562657315332e-07	-0.960168218663842	7.90707317286036e-09	True
ENSG00000160360	1.3679085834191	1.79726809755943e-07	0.978004248769621	0.0031708167293627	True
ENSG00000134245	1.44006579968308	1.80358175683936e-07	-0.160658679225423	0.172319234046286	False
ENSG00000119699	0.710796189023639	1.8104287086337e-07	1.5893554386789	1.44320358007103e-08	True
ENSG00000149451	2.62956280392376	1.82032478066255e-07	0.178151157427556	0.371632824523629	True
ENSG00000261572	-0.507038102580267	1.92625372802425e-07	-0.593568860702565	2.65642448576727e-05	True
ENSG00000183230	-1.29607672960701	1.94287778325886e-07	-1.57293474395339	3.82764600053638e-10	True
ENSG00000162738	1.37336255666814	1.9473305049862e-07	0.772150243020045	0.0126874760921449	True
ENSG00000197415	1.77159630956506	1.98414750849067e-07	0.791141113471408	0.0004962174733785	True
ENSG00000024422	1.02589566109368	2.07392601622892e-07	-0.321202422022165	0.12772678743721	False
ENSG00000119771	1.61892780694763	2.12588447092009e-07	1.18323296022433	2.93757367524915e-08	True
ENSG00000179051	0.477007191756824	2.16367618497654e-07	0.85626694324752	3.28905534820031e-08	True
ENSG00000262801	-0.893506408661773	2.24250517124475e-07	-0.856234739562979	0.0001370685456159	True
ENSG00000140835	1.58758870376917	2.33620232551921e-07	1.76077985023789	1.03910864472331e-10	True
ENSG00000042781	-1.12566199140855	2.34983504212979e-07	-1.04849129112479	2.09730520585923e-05	True
ENSG00000214491	1.42804023781016	2.36275088732353e-07	0.26212043447294	0.0513667339914303	True
ENSG00000109927	0.823293998044451	2.37350369752335e-07	0.151124755575173	0.367465184333368	True
ENSG00000169515	1.43296982022644	2.41429676685493e-07	0.376368495520254	0.0031487186301801	True
ENSG00000169032	-0.707669790234173	2.44345984083345e-07	0.0347708260099608	0.816960543628024	False
ENSG00000198203	2.31725086537398	2.56053952423789e-07	3.72201698147727	6.21499102774955e-13	True
ENSG00000074181	1.73065075112793	2.63014742780684e-07	1.22922991811139	3.0839850295495e-07	True
ENSG00000165821	1.16261145329075	2.68154793561356e-07	0.443220037097629	0.029198768155865	True
ENSG00000122966	1.33777910928151	2.68358717306584e-07	0.542527467233305	0.0297537976319338	True
ENSG00000133110	-1.289610664432	2.74502096655096e-07	-0.437270598048869	0.0388686280298585	True
ENSG00000197093	1.1590079639099	2.76885287934466e-07	0.62978026214327	0.002654735170619	True
ENSG00000055732	1.89003593008631	2.88445047579117e-07	-0.26652044011766	0.0370822827318962	False
ENSG00000196923	1.21362801056738	2.93074344979396e-07	1.02452654461782	0.0012176076419349	True
ENSG00000132274	0.818653733800282	3.04515808908197e-07	-0.470932407628462	9.87262966156962e-05	False
ENSG00000154930	0.797246992022435	3.12981670248053e-07	0.370811758157528	0.0250927912921073	True
ENSG00000139174	0.84959792498497	3.15215062760305e-07	0.813860628457667	4.32931829152608e-05	True
ENSG00000147113	1.49202952766216	3.35919961944706e-07	1.17087522597069	0.0001931325898604	True
ENSG00000138606	-0.79943376457647	3.56954103899526e-07	-0.711844177641756	0.000219502498361	True
ENSG00000129009	1.01867925770007	3.63263825548383e-07	1.72250043086242	1.4641094413185e-08	True
ENSG00000111674	1.10949978165717	3.64955919846858e-07	0.415470696688515	0.0692765499228656	True
ENSG00000204681	1.19974146366781	3.68025041049612e-07	0.283035609903944	0.143752153554057	True
ENSG00000134504	0.581391531544228	3.80653350213442e-07	0.155138637083387	0.241145822567973	True
ENSG00000085276	1.12294039669414	3.82765979464875e-07	-0.170405757688476	0.388460273433907	False
ENSG00000161381	1.33586524491338	3.8663433014696e-07	0.597054325877026	0.0053512197744957	True
ENSG00000256427	1.40773809412472	3.92168703662574e-07	0.741650518517521	0.0028758972402466	True
ENSG00000103196	1.10259389923377	3.93852530824127e-07	1.68615373644631	8.171498639834721e-15	True
ENSG00000158163	1.19142429642729	3.97828191191613e-07	0.659683403968309	0.0046294513310837	True
ENSG00000169994	1.74279557659855	4.07017961593447e-07	4.17556688271921	9.61828030632205e-19	True
ENSG00000117791	-0.455388578456267	4.10412091423823e-07	-0.64438507061714	1.46814345337644e-07	True
ENSG00000183914	1.00337625644178	4.11228467919338e-07	0.240668382758848	0.0818678215171101	True
ENSG00000110660	1.45772397367132	4.1502082750228e-07	0.738928669975235	0.0010739785992647	True
ENSG00000272583	-1.00958450109524	4.16804763421942e-07	-0.9069754276192	2.72833386070326e-05	True
ENSG00000090097	0.854675146508636	4.52750543674737e-07	0.488230276771518	0.0203191970023568	True
ENSG00000175161	-2.03500701009118	4.78173542698423e-07	-1.09574408243563	1.08478724072169e-06	True
ENSG00000100380	-0.438608737701129	4.89114399724602e-07	0.0126750907148802	0.908437916780612	False
ENSG00000162882	-0.648621006482664	4.97337659875497e-07	-0.495435274339556	0.0066550155258104	True
ENSG00000122176	0.845926940690307	5.00086915489925e-07	1.61483027208588	4.28520440803991e-12	True
ENSG00000137507	0.775072165338444	5.0093090958898e-07	1.65505302618085	2.2190006770615203e-19	True
ENSG00000183943	0.773292720753067	5.06676491402981e-07	1.04077063741738	1.0371101289249401e-09	True
ENSG00000164929	-1.11416775831577	5.07933600708026e-07	0.276973740454334	0.21814819939595	False
ENSG00000133477	1.6617471391471	5.0845849834365e-07	1.22388940312062	5.41012321800134e-06	True
ENSG00000169714	-0.482036121624	5.141726063009e-07	0.267601690520781	0.0063908680456594	False
ENSG00000159167	2.05084486646326	5.15216658452757e-07	4.38592557769656	1.87123947923285e-37	True
ENSG00000172432	0.438548133382806	5.23292920054078e-07	0.464317522609125	1.40983621089035e-06	True
ENSG00000235162	1.35102602703227	5.38617292429788e-07	1.36112105303604	2.36184753583236e-06	True
ENSG00000162522	0.723246537808822	5.38686828089278e-07	0.893178309228321	1.36200195369309e-06	True
ENSG00000076248	-0.385325424047899	5.41567212992444e-07	0.258969418150517	0.0338313038164589	False
ENSG00000065485	-0.434188369198347	5.47351617629653e-07	-0.0010276588905823	0.99214666867497	True
ENSG00000169991	0.590507093604041	5.54740656062169e-07	0.754757931432218	0.0003123177090107	True
ENSG00000122787	-0.769967793048836	5.57102841319899e-07	-0.669504467730811	0.0018403840716103	True
ENSG00000111404	1.87739273158083	5.8362286391767e-07	0.198897064407066	0.361951453045606	True
ENSG00000074527	-0.867843923561968	5.86058584421409e-07	-0.305299135208848	0.0782141703042171	True
ENSG00000112796	1.44028026235226	5.92125299618436e-07	1.31487662043084	3.73602397012505e-10	True
ENSG00000139880	1.4885239132464	5.94100114537727e-07	1.11826243282672	0.0001011793707605	True
ENSG00000134369	0.628930998890667	5.9420448900713e-07	0.153329020280966	0.262952847694782	True
ENSG00000061455	1.18647079834355	5.95281179269792e-07	0.22723430116357	0.39556667197164	True
ENSG00000174307	1.30687042452505	6.02774898590438e-07	1.67569284862084	4.73965633177528e-07	True
ENSG00000197747	0.661409198519146	6.59659008430357e-07	0.819853680898917	6.74625232439153e-08	True
ENSG00000089472	0.786793655439921	6.60969117690609e-07	1.30538292350992	1.99110117912865e-09	True
ENSG00000181019	1.34631288189978	6.69346009516259e-07	0.627107609177908	0.0083803280225267	True
ENSG00000131981	0.908958757456702	6.71780628045791e-07	2.99058607204834	3.61137935257653e-28	True
ENSG00000255455	0.640743135452201	7.10599839776205e-07	-0.309489631309015	0.0018183880092722	False
ENSG00000108176	-0.884848727065025	7.11214509037726e-07	-0.380216187026027	0.0155248355383063	True
ENSG00000235098	1.76102190929616	7.13260315800795e-07	0.492238741694824	0.0165095642455345	True
ENSG00000066855	-0.555513616625114	7.28580598846096e-07	-0.206029062610875	0.0234625922277603	True
ENSG00000139190	0.697917585690102	7.34856539088108e-07	-0.194639239632519	0.187640920041482	False
ENSG00000124772	1.40131005526882	7.41059895278271e-07	0.517652419720663	0.0815905603896374	True
ENSG00000170004	0.812116789292459	7.53949897672809e-07	0.670023926969695	0.0155174213433867	True
ENSG00000076706	1.18349080505204	7.63432836512917e-07	1.79142078300592	1.20719662832145e-06	True
ENSG00000101311	1.40002735385417	7.65810110323443e-07	0.729005620210722	0.0068520355869702	True
ENSG00000269936	1.89793365166917	7.71008342670982e-07	0.077958974684821	0.688054095008733	True
ENSG00000185101	1.62595017460496	7.89382739803294e-07	0.629725154455587	0.0469912299630098	True
ENSG00000169026	1.23607115002883	7.94088451091583e-07	1.29554978118687	5.19221612627878e-05	True
ENSG00000142279	1.13261631371398	8.02664116293911e-07	1.07181913287668	6.69698861446352e-05	True
ENSG00000250056	-0.765394058334569	8.17424390994639e-07	-0.235479610550827	0.135415575654395	True
ENSG00000108602	1.78419741475781	8.22754759064253e-07	0.302643820758121	0.27750202859957	True
ENSG00000165138	0.660886542747623	8.27346398046065e-07	0.100034988458637	0.455123337402528	True
ENSG00000104177	1.32321150666131	8.40491223228627e-07	-0.365379578784349	0.017780725764317	False
ENSG00000172425	-0.607213417627982	8.51414691233193e-07	-0.307518109733169	0.0672610419952015	True
ENSG00000106852	1.51314699779738	8.64127128816931e-07	0.685588514531705	0.0267080026501328	True
ENSG00000135801	-0.345599460018938	8.76274987110577e-07	0.387246726683934	2.0463331263953e-05	False
ENSG00000008517	1.16942508149658	8.82805410321195e-07	2.05283221241396	8.03257504903129e-11	True
ENSG00000124374	-0.674190184485547	9.0032508419572e-07	-0.398651987274014	0.0034796901782513	True
ENSG00000176928	1.15401826313482	9.17422746322585e-07	1.47909911835899	9.83998835932402e-13	True
ENSG00000168792	-0.412700801733909	9.29104320653456e-07	-0.275133150285398	0.0163932058407949	True
ENSG00000091136	0.687150861826099	9.29358347675114e-07	0.828522843957777	1.18442710163049e-08	True
ENSG00000126759	-1.15708492265794	9.33763662681636e-07	0.263726319558745	0.300761833375584	False
ENSG00000162591	1.30330247463319	9.44607360024984e-07	0.285225827009086	0.293257619065031	True
ENSG00000188227	1.28726112870239	9.58042877060523e-07	-0.0513614132303859	0.69536626466894	False
ENSG00000163739	1.85343695619559	9.64233707888584e-07	4.44413523245022	3.93405546645577e-32	True
ENSG00000198467	1.66288493110931	9.66401029364422e-07	0.847645687707163	0.0016815835603808	True
ENSG00000185070	1.18221044613955	9.674233198333e-07	0.0498640015352328	0.801721336822223	True
ENSG00000135919	0.823054231853595	9.82017914747776e-07	0.981936102994164	1.2138233082501301e-09	True
ENSG00000181264	0.979188524424731	1.01219866628617e-06	0.318183640719386	0.092164797302154	True
ENSG00000176595	-0.630772131121174	1.01719107050712e-06	-0.0459587258496947	0.709116179641628	True
ENSG00000133800	-1.47750463801058	1.02127739138232e-06	0.236911500674947	0.333422473112642	False
ENSG00000176463	0.653855163202996	1.04263884824066e-06	0.902910705782144	3.28356527262064e-08	True
ENSG00000215018	-1.78159825655637	1.10555196704902e-06	-0.735006720920267	7.625246995939691e-09	True
ENSG00000183778	1.75263900357862	1.16775191856675e-06	0.320341224425274	0.16835146108033	True
ENSG00000248709	-1.08093347635118	1.17326589309942e-06	-0.385330400344048	0.0783782019819666	True
ENSG00000184584	0.707317813075869	1.19364509356139e-06	1.20830946205492	1.96575374567901e-08	True
ENSG00000109576	-0.601344791322538	1.20989022845523e-06	-0.64701435907926	3.68419901164527e-05	True
ENSG00000133112	-0.548332982838572	1.24985310844345e-06	0.320742167005946	0.0143260858073751	False
ENSG00000026025	0.82275358305051	1.28812283574324e-06	1.93000316796488	5.13566215872297e-18	True
ENSG00000103942	-0.488417415332115	1.31305435780292e-06	-0.446035972464855	0.000141575227084	True
ENSG00000173621	1.49125963712277	1.3152864857008e-06	1.75706032108872	0.001990702476109	True
ENSG00000169071	1.73489744996261	1.3242741647039e-06	1.75033706566641	0.0001159406370526	True
ENSG00000107249	0.652859240665381	1.36949167895751e-06	0.394725319037118	0.0009088371611282	True
ENSG00000146242	0.770402459766548	1.38340681352314e-06	1.01714324124875	4.20339448130134e-07	True
ENSG00000096433	0.940123224336611	1.40027261923963e-06	1.19889584017682	3.5058026506527e-06	True
ENSG00000143036	0.984871776353901	1.40435821287986e-06	1.11082702514918	1.64351727808335e-08	True
ENSG00000134240	-0.575979895331774	1.40842417314463e-06	0.0058412182033983	0.90336232720486	False
ENSG00000164742	-0.778736850650174	1.4235273255967e-06	-1.23338702993531	8.19353660237842e-15	True
ENSG00000159433	0.867404047649501	1.44387567460913e-06	-0.160922493095718	0.258166017070064	False
ENSG00000111341	1.49784486185891	1.47429954073775e-06	1.77700951495558	1.18541193428349e-07	True
ENSG00000163909	1.02159058145189	1.48757985117513e-06	1.41584347379004	1.41287010096371e-08	True
ENSG00000108587	-0.257100709565576	1.48920755062422e-06	-0.0081933706394552	0.900017426821755	True
ENSG00000049089	1.35259401814449	1.51517894869535e-06	0.768598424527864	0.0160337789928093	True
ENSG00000166035	-0.733373115014137	1.52051725565429e-06	-0.118751190753971	0.475666093704578	True
ENSG00000128805	1.38442711593355	1.54676963762153e-06	-0.985168737207235	4.30188974249651e-13	False
ENSG00000156711	0.912040548165608	1.56579548166529e-06	0.845340011221929	0.0001945591235514	True
ENSG00000151224	-0.535729540209045	1.57015765598536e-06	-0.0569281281607234	0.670442460706077	True
ENSG00000162878	0.70090650649508	1.59319032418473e-06	1.03550480938471	3.44097387835696e-06	True
ENSG00000100897	-0.488047095429509	1.59337805968063e-06	-0.282166126261343	0.0616610926968052	True
ENSG00000100941	0.657151065950787	1.61027622043998e-06	-0.117623869798167	0.323941802037311	False
ENSG00000135052	1.18316026692127	1.70144668064265e-06	1.59025436318036	2.7771337554931603e-15	True
ENSG00000067840	1.21851773051851	1.72748453025606e-06	0.756120142840131	0.0033953161088574	True
ENSG00000182795	1.63259662226543	1.73872804466599e-06	1.07915232443541	0.000315168190931	True
ENSG00000153822	1.55303464950337	1.77184446450742e-06	0.67342727437317	0.0029667271459541	True
ENSG00000096093	0.694048473077144	1.79318289277311e-06	-0.688129921546635	4.38074964941052e-07	False
ENSG00000163040	1.36185471723989	1.83680210374928e-06	0.890544284388648	0.0001153947841157	True
ENSG00000104361	0.797129574372746	1.85576107281375e-06	0.771021296447377	0.0018572573866036	True
ENSG00000181885	0.769730185013889	1.87159672145842e-06	1.9569568609411	2.0883358254590203e-15	True
ENSG00000138796	-0.464297915525168	1.87661907391347e-06	-0.201723651996954	0.109789260225631	True
ENSG00000171812	1.16255435361927	1.89348642541634e-06	1.55458914479075	3.1056250006660403e-09	True
ENSG00000129595	0.93817741103612	1.89581105150831e-06	0.719808708146406	0.0001621767434579	True
ENSG00000105270	1.14821394602228	1.94065190360788e-06	0.379785229126748	0.114379542284328	True
ENSG00000261701	-0.929908971000124	1.96217257999592e-06	-0.575352438942002	0.022114425123619	True
ENSG00000137338	0.656826493794247	1.97895882713434e-06	0.207970159073985	0.0597555662092115	True
ENSG00000189334	0.875614445736237	2.00070136341914e-06	1.51422977092236	8.47003640389778e-09	True
ENSG00000124491	1.29533702868318	2.01651971125286e-06	2.42986724289648	1.12898999510492e-12	True
ENSG00000054803	-1.45778600189031	2.07066546653314e-06	-0.839676895694896	0.0023191888448992	True
ENSG00000154721	0.778892367250173	2.0865412997201e-06	0.115589254945985	0.447431707983059	True
ENSG00000270820	-0.676620730265839	2.10758701839074e-06	-0.665629236368618	5.86146826648304e-07	True
ENSG00000133048	2.22121071863244	2.12876508948899e-06	3.63199485755102	1.1617373565392701e-17	True
ENSG00000070669	1.25863685264156	2.15294823540925e-06	0.454414808232423	0.0018150664365416	True
ENSG00000233554	-0.670444896296986	2.15407652512642e-06	-0.135261988447518	0.441320708881185	True
ENSG00000188517	-1.14264820122801	2.16975965693076e-06	-0.805841976019454	0.0002025090809229	True
ENSG00000070371	0.614775115469535	2.17219563811563e-06	0.247281079759497	0.0875434801478077	True
ENSG00000122574	1.43868128282727	2.20457798418503e-06	0.881517814834628	1.0848981269851e-05	True
ENSG00000163874	0.677339129655444	2.21790010449262e-06	2.58331276117594	1.85591379050424e-13	True
ENSG00000168509	-0.447012681751454	2.22451667590459e-06	-0.0115913455495379	0.930606056573937	True
ENSG00000113108	0.903513109804513	2.22745245334457e-06	0.967073158878539	3.98242916092777e-08	True
ENSG00000156510	2.19431861525002	2.38960370693616e-06	3.22353164404353	2.20236194376426e-13	True
ENSG00000115977	0.376769306908321	2.39059486225523e-06	0.435102648114603	2.03107281706384e-06	True
ENSG00000259479	-1.1897895706675	2.40165888416407e-06	-0.373624190630436	0.0378413784062131	True
ENSG00000203867	1.93622780081109	2.41589273889522e-06	-0.0540471687501203	0.75189183924995	False
ENSG00000164877	1.30929398648813	2.42112750403122e-06	0.761965573772439	0.0046014613595498	True
ENSG00000147257	2.11030991844978	2.43308307395367e-06	2.22032689251259	1.47207908117479e-07	True
ENSG00000173482	0.474708444657998	2.48551927336316e-06	0.449019815967465	5.72658292391856e-06	True
ENSG00000204610	0.734993542777205	2.52559809114706e-06	1.62589559767368	1.75927004665904e-12	True
ENSG00000226124	-0.538020031561542	2.54546301558657e-06	-0.61340870256376	7.40432819212545e-05	True
ENSG00000138207	-0.36521918354032	2.56412109399027e-06	0.462190893728643	0.0047656159215539	False
ENSG00000214049	2.0669646819345	2.58437751893713e-06	0.423324813096695	0.0767929362168335	True
ENSG00000170962	1.21960588987183	2.61425538013862e-06	1.65604097135018	5.586118943564729e-12	True
ENSG00000174705	0.554491868970171	2.62044995199966e-06	0.716780846673897	0.0002715397594085	True
